BUSINESS NAME, PHONE, WEB, EMAIL, STREET, SUBURB, STATE, POSTCODE, GPS LATITUDE, GPS LONGITUDE
All Animal Minding Service,(02) 6154 2444,,info@allanimalminders.com.au,,,,,-35.28078181, 149.13139599
Arnold B,(02) 6255 4101,,,10 Federal Hwy,ACT,Watson,2602,-35.230236, 149.153882
Best Friends,(03) 9765 0000,,info@bfpets.com.au,Stud Park Shopping Centre Corner Fulham and Stud Roads,VIC,Rowville,3178,-37.923389, 145.234153
Critter Sitter Home Pet Care,(02) 6231 1178,,,4 Rankine Place,ACT,Canberra,2600,-35.28078181, 149.13139599
Domestic Animal Services,(02) 6207 2424,,dogcontrol@act.gov.au,12 Wattle St,ACT,Lyneham,2602,-35.259621, 149.131415
Fancy Paws Pet Grooming,(02) 6262 3001,,,25 McClung St,ACT,Gungahlin,2912,-35.182737, 149.149219
For Pets Sake,(02) 6291 1707,,,Beazley Crst,ACT,Calwell,2905,-35.441491, 149.097323
Fur Faces Pet Minding Service,(02) 6242 8269,,furfaces@optusnet.com.au,,,,,-35.1730131, 149.1227682
Kind Heart Pet Care,0450 231 131,,,67 Ferguson Cct,ACT,Ngunnawal,2913,-35.17761, 149.114778
Puppycat Pet Care,0413 000 971,,enquiries@puppycat.com.au,,,,,-35.1730131, 149.1227682
Red Hill Pet Concierge,0423 746 557,,redhillpet@gmail.com,Level 2/ 11 London Cct,ACT,Canberra,2601,-35.281102, 149.125315
ROZART Custom Engraving,0416 379 782,,,,,,,-35.2800063, 149.0741379
The Dog Squad Canberra,0456 894 800,,enquiries@thedogsquadcanberra.com.au,,,,,-35.2506967, 149.1405356
Three Dogs Pet Care,0428 252 174,,,,,,,-35.1978609, 149.1233794
A1 Luxury Lodge,(02) 4358 2608,,,Lot 21 Daley St,NSW,Doyalson North,2262,-33.18998815, 151.55029715
Alcatraz Cages And Animal Systems,0400 242 969,,alcatrazcages@gmail.com,94 Fitzroy St,NSW,Dubbo,2830,-32.23406, 148.617
All Sorts Pet Sitting,0404 997 540,,,,,,,-32.7771592, 151.6392089
Animal Balance Chiropractic,(02) 9146 1300,,,352 Pacific Hwy,NSW,Lindfield,2070,-33.774996, 151.168144
Active Dog,0433 540 410,,deanmgardiner@hotmail.com,Raglan Rd,NSW,Miranda,2228,-34.04, 151.09
Adelar Pet Transport Cages,(02) 9606 5955,,,14 Hulls Rd,NSW,Leppington,2171,-33.987428, 150.790386
Adopt A Furbaby Animal Rescue,0420 391 460,,,,,,,-33.940298, 150.7319259
Affordable Dog Walkers,0421 037 007,,,,,,,-34.0677741, 150.8131919
AhCat,0414 011 088,,,,,,,-33.9206448, 151.2552465
Alison's Pet Sitting,0405 793 804,,alisonspetsitting@outlook.com,87 Seaside Bvd,NSW,Fern Bay,2295,-32.858017, 151.816034
All About At Home Pet and Horse Care - Corindi &amp; Woolgoolga,0418 795 449,,,,,,,-30.0253325, 153.1941074
All Breeds Professional Dog &amp; Cat Grooming Salon,(02) 4422 0227,,,Bomaderry Plaza 22 Tarawara St,NSW,Bomaderry,2541,-34.85437, 150.605725
All Creatures Great &amp; Small Home Feeding Service,0414 413 281,,,,,,,-33.8830488, 151.1144199
All Home Services Pet Grooming,0409 001 488,,kennysdogwash@gmail.com,,,,,-33.7276848, 150.8831045
All Star Dog Walking Services,0415 539 023,,allstardogwalkingservices@yahoo.com.au,,,,,-33.8268345, 151.2009369
All Star Pet Minding,0410 552 430,,,Newcastle,NSW,Charlestown,2290,-32.9634907, 151.6951503
Angels with Tails,0410 706 106,,,70 Fletcher St,NSW,Bondi,2026,-33.897654, 151.274632
Angie's Axolotls,0411 124 236,,agreig.js@gmail.com,,,,,-33.7694644, 150.9084932
Angies Dog Walking,0477 424 603,,angela.cummins.au@gmail.com,,,,,-33.7320287, 151.3005685
Animal Suds and Pampering Service,0407 181 172,,,Orme St St,NSW,Boree Creek,2652,-35.1097115, 146.6065182
Animalz On The Go and Equine Services,0407 451 368,,animalzonthego@bigpond.com,,,,,-36.929587, 149.8745331
A Pet's Life,0412 320 867,,ellie@apetslife.com.au,27 Waverley Dr,NSW,Unanderra,2526,-34.459871, 150.843772
At Home Pet Memorial Services,0408 724 535,,enquiries@athomepetmemorials.com.au,,,,,
A K9 Specialists,(02) 6562 4618,,,722 Pacific Hwy,NSW,South Kempsey,2440,-31.137108, 152.82209
All Paws VET,(02) 9743 0063,,,351 Concord Rd,NSW,Concord West,2138,-33.847093, 151.089718
Animal Adoption Agency,(02) 4777 4746,,info@animaladoption.com.au,,,,,-33.7521624, 150.6909555
Awesome Animals Pet Care,0479 153 178,,info@awesomeanimals.com.au,,,,,-32.9608769, 151.6229885
Bails Paw,0404 623 200,,,,,,,-34.0848661, 150.8121725
Barks and Recreation,0478 964 213,,,,,,,-33.8935688, 151.1642677
Best Mates Pet Care Services,0431 242 724,,,,,,,-31.4307038, 152.9063331
Bumble Bee's Pet Sitting,0433 484 050,,bumblebeespetsitting@hotmail.com,43 Bardia St,NSW,Shortland,2307,-32.885724, 151.690725
Ballina Pet Minders,0407 798 486,,,4 Henderson Pl,NSW,Lennox Head,2478,-28.803702, 153.593316
Bang Bang &amp; Fluff Pet Grooming,0418 983 900,,brownbettytan@gmail.com,Northcliffe Dr,NSW,Kembla Grange,2526,-34.47198, 150.826678
Barc For Pets,,,hello@barcforpets.com,,,,,-33.66000018, 151.31554134
Barton Highway Dog'otel,0414 814 052,,franie2@bigpond.com,45 Church Lane,ACT,Hall,2618,-35.151214, 149.049756
Bathurst Pet Salon,(02) 6332 3740,,,2/ 237 Russell St,NSW,Bathurst,2795,-33.416033, 149.577528
BIGGA bona,0412 832 774,,biggabona@yahoo.com,,,,,-33.7872766, 150.9509084
Britt's Pet And Animal Taxi,0438 823 392,,britt@brittspettaxi.com.au,,,,,
BUDDY'S DOGGY DAY TRIPS,0412 621 663,,wadet11@live.com,,,,,-33.5213638, 151.3183075
Barking with Bianca,0423 177 883,,btucci89@gmail.com,,,,,-33.7425449, 150.924014
Best Friends Support Services,(03) 8540 9900,,,Kingston Central Plaza 288 Centre Dandenong Rd,VIC,Moorabbin Airport,3194,-37.97099, 145.09124
Bumble Bees Pet Sitting,0433 484 050,,bumblebeespetsitting@hotmail.com,,,,,-32.9266689, 151.7800187
Byron Bay Pet Minding,0410 548 903,,kyliembott@hotmail.com,18 Brandon St,NSW,Suffolk Park,2481,-28.685726, 153.612722
Canberra Pet Care,(02) 6298 1555,,,143 Wickerslack Lane,ACT,Queanbeyan,2620,-35.390844, 149.251835
Cat Concierge,(02) 8006 6171,,,,,,,-33.8145564, 151.1698948
Clip ^BN' Clean Dog Grooming,(02) 6583 1199,,,124 Lord St,NSW,Port Macquarie,2444,-31.439839, 152.918219
Creatures of Habit Professional Petcare Services,0404 807 975,,,,,,,-33.7376227, 150.8166109
Canine Cardio,0418 477 438,,,,,,,-34.7753746, 150.6951882
Canine Excursion,0433 025 039,,,,,,,-33.8629878, 151.1706134
Canineology,0427 411 607,,ellie@apetslife.com.au,27 Waverley Dr,NSW,Unanderra,2526,-34.459871, 150.843772
Cape Pet Grooming Services,(02) 6557 5020,,,,,,,-32.2476581, 152.5140177
Care4PawsAU,0421 815 549,,,2 Fields St,NSW,Kanahooka,2530,-34.494072, 150.813349
Carmen's Parrot Training and Dog Training,0411 299 529,,carmens.rps@gmail.com,,,,,-35.1404611, 147.3758766
CATitude cat sitting,0403 211 416,,sharon@catitude.com.au,,,,,-33.8062519, 151.1664754
Cats R.4.U. Dogs R.2,(02) 9501 5979,,,,,,,-34.04013497, 151.14090406
Charlie's Chums,,,charlies-chums@hotmail.com,,,,,-33.7425449, 150.924014
Cheeky Chomps,0451 003 429,,,,,,,-33.926374, 151.125934
Chey's Pet Sitting &amp; Dog Walking,0476 124 928,,cheyspetsittingndogwalking@gmail.com,,,,,-32.246403, 148.59125
Cibilic Darren Vet Surgeon,(02) 9589 0022,,,62 Wolger St,NSW,Como,2226,-34.004018, 151.062018
Cobar Dog Grooming,0498 381 099,,,,,,,-31.4979828, 145.8383259
Cobber's Dog Grooming Salon,(02) 6653 3308,,,5/ 5 Wallis Ave,NSW,Toormina,2452,-30.359008, 153.0968
Coffs Coast Pet Services,0432 107 611,,coffscoastpetservices@live.com,18 James St,NSW,Glenreagh,2450,-30.047733, 152.979312
Coffs Harbour Doggy Day Care And Holiday Stay,0448 529 697,,sarsiwebber@gmail.com,127 Shephards Lane,NSW,Coffs Harbour,2450,-30.282485, 153.090824
Companionchip - Mobile Microchipping,0413 294 300,,info@companionchip.com.au,,,,,
Creature Comfit Pet Feeding Service,0411 710 932,,white.grooms@bigpond.com,,,,,
Cremorne Veterinary Hospital,(02) 9953 1090,,cremorneveterinary@yahoo.com.au,73A Spofforth St,NSW,Mosman,2088,-33.829327, 151.23033
Critter Call,0405 818 575,,barbara@crittercall.com.au,,,,,-33.76724533, 151.16086833
Cronulla Pet Services,0439 470 386,,cronullapetservices@gmail.com,,,,,-34.055381, 151.1515789
Cruisin Canines Pet Care,0400 854 530,,,,,,,-28.8684488, 153.5600237
Castle Pet Supplies Pty Ltd,(02) 8215 0506,,sales@castlepet.com.au,,,,,-33.72510369, 151.00187631
Claws &amp; Paws Pet Grooming Salon,(02) 6583 5733,,,10 Lake Rd,NSW,Port Macquarie,2444,-31.435535, 152.911976
Creature Comfort &amp; Care,,,enquire@creaturecomfortandcare.com.au,,,,,-33.7197519, 150.4297305
Cuddly Paws,0410 354 938,,,51 President Ave,NSW,Kogarah,2217,-33.96528, 151.142138
Daily Visits Holiday Pet Care,0435 514 155,,dailyvisitshpc@gmail.com,Dinton St,NSW,Prospect,2148,-33.7940017325, 150.915261704
Doggies &amp; Moggies Pet minding and Dog walking,(02) 4382 3677,,doggiesandmoggies@live.com,4 Vista Ave,NSW,Copacabana,2251,-33.49009, 151.44173
Doggy Social,0414 276 242,,info@doggysocial.com.au,,,,,-33.8938118, 151.2630738
DOGUE Wahroonga,(02) 9489 2162,,wahroonga@dogue.com.au,39 Redleaf Ave,NSW,Wahroonga,2076,-33.71949, 151.117026
Dawgy Hotel and Daycare,0457 271 111,,mark@dawgyco.com.au,18 Cicada Glen Rd,NSW,Ingleside,2101,-33.669477, 151.273929
Dirty hound dogs,0418 441 717,,,,,,,-33.7680427, 150.7900558
Dog Bedding And More,0413 809 085,,,,,,,-33.85628, 151.1030725
Doggo Delish,0432 731 009,,doggodelish@hotmail.com,,,,,
Dog Guru,1300 398 557,,dogguruaus@gmail.com,,,,,-33.87276349, 151.2053446
Doggy Pals,0416 288 038,,doggypals1@gmail.com,,,,,
Doggy Walking,(02) 9968 3965,,,13/ 180 Spit Rd,NSW,Mosman,2088,-33.815635, 151.242783
Dog Nannies,(02) 9011 7692,,,,,,,-33.7957407, 151.2756889
Dogs Out &amp; About,0405 671 210,,,,,,,-33.7944635, 151.2651887
Dog Walker,0477 294 627,,jimmyg213@live.ie,Alexander St,NSW,Coogee,2034,-33.92562, 151.25462
Dog Exercising Machines,0402 847 435,,,2 Denbigh Dr,NSW,Bowral,2576,-34.493596, 150.45062
Doggy's Day Out Dog Walking,0419 611 177,,,,,,,-33.8783062, 151.2335439
Dog Spa Deluxe,(02) 4683 0847,,stef@dogspadeluxe.com,6 Penny Lane,NSW,Thirlmere,2572,-34.203379, 150.570936
Don't Fret Pet,1300 307 021,,,,,,,
Executive Pets,0432 030 431,,executivepets@optusnet.com.au,,,,,-36.0807785, 146.9164693
Family Pet Minding,0425 254 610,,,,,,,-33.7633531, 150.8699783
Fifi's Pet Minding,0408 862 252,,,,,,,-33.5964076, 150.7505282
Forbes Dog Grooming,0403 115 613,,keenanden29@gmail.com,25 Facey St,NSW,Forbes,2871,-33.369726, 148.002493
Four Legged Friends Pet Feeding Service,0407 917 158,,whitewolf99@bigpond.com,,,,,-34.7753746, 150.6951882
FAMS,0475 565 868,,fams.mandk@gmail.com,,,,,
Forbes Boarding Kennels &amp; Cattery,(02) 6851 2356,,arkatakaa@bigpond.com,Tiagarra, New Grenfell Rd,,NSW,Forbes,2871,-33.466252, 148.095987
Forster Purrfect Pet Minding,0421 942 531,,,Little St,NSW,Forster,2428,-32.1876223975, 152.511128857
FUZZY BUTTZ PET GROOMING,0411 497 461,,,,,,,-33.7539451, 150.8099048
Galston Grooming &amp; Pet Supplies,0414 654 128,,galstongrooming@gmail.com,2 The Glade,NSW,Galston,2159,-33.650877, 151.04285
Go Fetch Dog Walking and Boarding,0450 088 229,,info@gofetchdogwalkingandboarding.com,74 Glen Rd,NSW,Ourimbah,2258,-33.364625, 151.350882
Gosford Grooming,0408 629 464,,info@gosfordgrooming.com.au,,,,,-33.3945297, 151.3440078
Green K V,(02) 6674 5008,,,49 Pearl St,NSW,Kingscliff,2487,-28.254038, 153.573956
Gem's Pet Services,0455 346 035,,,1 Wattle Cres,NSW,Pyrmont,2009,-33.873663, 151.19319
Gerringong Pet Accommodation,0405 636 316,,,1 Belinda St,NSW,Gerringong,2534,-34.746148, 150.81527
Good Dog Pet Care Services,0426 234 955,,gooddogpcs@gmai.com,,,,,-34.0660296, 151.0125428
Gorgeous PAWgeous,0406 600 186,,,194-218 Lawrence St,NSW,Alexandria,2015,-33.90554, 151.191582
Go-To Pet Minding,0437 082 274,,gotopetminding@outlook.com,,,,,-32.8976341, 151.7369847
Greencross Vets Lambton,(02) 4957 8960,,greencross.lambton@greencrossvet.com.au,124- 126 Elder St,NSW,Lambton,2299,-32.911187, 151.707158
Green Paw Republic,(02) 4228 4829,,greenpawrepublic@hotmail.com,141 Kembla St,NSW,Wollongong,2500,-34.433997, 150.896024
Ginger's Pet Holiday Care,(02) 4357 1747,,vdixon2@bigpond.com,6 Wyee Farm Rd,NSW,Wyee,2259,-33.178056, 151.443202
Gorgeous Pets Pty Ltd,(02) 9398 8899,,,,,,,-33.9145895, 151.2417243
Greenhill Boarding Kennels,(02) 6775 3155,,,423 Arding Rd,NSW,Arding,2358,-30.557744, 151.534701
Groom N Dogs,(02) 4934 8140,,info@groomndogs.com.au,43 Louth Park Rd,NSW,South Maitland,2320,-32.743619, 151.560221
Happy Feet Dog Services,0428 118 050,,,,,,,-33.7134525, 151.1471774
Happy Tails Dog Walking and Pet Sitting,0423 475 211,,,14 Ripley Cl,NSW,Ulladulla,2539,-35.350035, 150.459531
Holiday Pet Care,0406 022 338,,,1 Milson Pl,NSW,Armidale,2350,-30.495021, 151.653815
Hot Dogz,0420 945 415,,hotdogz_izzy@hotmail.com,,,,,-33.4905567, 151.4313726
Happy Hounds Dog Walking Service,(02) 4396 7005,,,,,,,-33.26284051, 151.53509293
Happy Paws Dog Sitter,0435 040 042,,info@happypawsdogsitter.com.au,,,,,-32.924484, 151.757759
Happy Pet Paws,0403 014 183,,,Unit 36/ 3 Defries Ave,NSW,Zetland,2017,-33.906991, 151.212389
Happy Pets Dog Walking &amp; Holistic Pet Care,0404 273 168,,office@happypets.net.au,,,,,-33.8924807, 151.2017422
Harbourside Cruises,(02) 9002 5778,,,37 Bank St,NSW,Pyrmont,2009,-33.870872, 151.190255
Heaven can wait Animal Shelter,(02) 6765 5661,,,39/45 Barnes St,NSW,Tamworth,2340,-31.090676, 150.912317
Heritage Grooming,0417 510 906,,,20 Ascot Rd,NSW,Bowral,2576,-34.485779, 150.426875
Holiday Heaven 4 Hounds,0413 362 481,,,,,,,-33.4856715, 151.3247616
Holy Moses Dog Walking And Pet Care,0434 416 967,,leeannehelen@optusnet.com.au,,,,,-33.9200192, 150.9241267
Home for the Paws Pet Motel,(02) 6676 6501,,info@homeforthepaws.com.au,2 Pollards Rd,NSW,North Tumbulgum,2490,-28.2633905, 153.4926497
Home Habits,0405 049 016,,,,,,,-33.67467672, 150.91834829
HomeoPet Australia Pty Ltd,(02) 4443 9669,,info@homeopet.com.au,,,,,-35.0921145, 150.5975695
Hounds on Heels,0411 708 148,,sam@hounds-on-heels.com,1 Willis Ave,NSW,St Ives,2075,-33.723317, 151.172403
Housecarers House &amp; Pet Sitting Directory,(02) 4963 1233,,,1 May St,NSW,Belmont,2280,-33.036641, 151.664038
Happy Tails Dog Services,0433 524 801,,,Septimus St,NSW,Erskineville,2043,-33.898748, 151.183513
holiday pet and home care,0422 054 882,,,,,,,-33.8746051, 151.0940251
HOT Dog Walking,0434 043 927,,hotdogwalking.au@gmail.com,268 Johnston St,NSW,Annandale,2038,-33.874731, 151.173227
Hypro Pet Care,,,info@hyproaust.com.au,26 Main St,NSW,Wallerawang,2845,-33.409683, 150.06552
I Heart Dogs Professional Dog Walkers, Sitters &amp; more,0424 049 553,,,,,,,-34.055381, 151.1515789
Impala Blue,1300 903 902,,info@impalablue.com.au,,,,,-33.66000018, 151.31554134
In Home Pet Care,0406 896 847,,,,,,,-33.8324481, 151.1270573
Inner West Walkies,0404 406 948,,sarah.clisby@hotmail.com,Warayama Pl,NSW,Rozelle,2039,-33.860747, 151.166002
Just like home pet sitting,0432 511 120,,hayleylam@hotmail.com,,,,,-33.783098, 151.0468106
Kool Katz Pet Minding,0423 136 137,,koolkatzpetminding@hotmail.com,,,,,
LaKinga Boarding Kennels,(03) 5745 8318,,lakingakennels@gmail.com,1839 Mulwala Barooga Rd,NSW,Boomanoomana,2712,-35.935401, 145.845452
Leaps Bound Home Pet Care,0407 242 772,,,,,,,-33.63182273, 150.96750132
Lonely Pets Club - Newtown,1300 283 353,,,King St,NSW,Newtown,2042,-33.897427, 151.17837
Love Your Dog Grooming,0430 138 434,,,Roycroft Ave,NSW,Newington,2127,-33.84, 151.04
Laras Pet Sitting,0415 817 275,,,266 Glenrock Parade,NSW,Tascott,2250,-33.457859, 151.313044
Let"s Pawty Sydney,0428 596 632,,woof@letspawtysydney.com.au,,,,,-33.827324, 151.2307016
Look Who's Walking! Dog Walking,0475 434 280,,,,,,,-33.8135042, 151.1057327
Lead Me 2 It - Dog Walking,0421 259 351,,jasonlockwood22@gmail.com,Church Rd,NSW,Tuggerah,2259,-33.315075, 151.432303
Lil' Rascals Pet Services,0455 353 128,,,Unit 127 14 Milford St,NSW,Islington,2296,-32.915347, 151.753049
Lou Lou's Dog Grooming,0417 240 618,,,,,,,-28.821111, 153.2898633
Lowes Mount Boarding Kennel,0488 271 173,,youman@lowesmountboardingkennel.com.au,1173 Lowes Mount Rd,NSW,Tarana,2787,-33.605402, 149.842451
Mad Dogs and Englishmen Ryde,0410 326 003,,ed@mdae.com.au,Unit 203d 1 Allengrove Cres,NSW,North Ryde,2113,-33.788711, 151.125775
Master Dog Breeders and Associates.,(02) 6927 6707,,,PO Box 31,NSW,Ganmain,2702,-34.7941095, 147.038965
Misyco,0416 213 243,,samorch@bigpond.net.au,,,,,-34.0158719, 151.0127218
Mudgee Dog-A-Cise Centre,(02) 6373 1423,,,,,,,
Mad Paws,(02) 8046 6536,,service@madpaws.com.au,Level 3 55 Pyrmont Bridge Rd,NSW,Pyrmont,2009,-33.87236, 151.194615
Mad Paws Pty Ltd,(02) 8046 6536,,service@madpaws.com.au,Ground Floor/ 608 Harris St,NSW,Ultimo,2007,-33.880445, 151.200372
Mammone Pet Care Services,0402 653 071,,mammonepetcare@gmail.com,,,,,-33.4809335, 150.1574085
Marley and Friends Pet Minding,0424 536 235,,marleyandfriendspetminding@gmail.com,,,,,-33.94601859, 151.05243454
Martha's Pet Care,0410 665 799,,,22/ 175 Cathedral St,NSW,Woolloomooloo,2011,-33.87306, 151.21997
Masterpiece Pawtraits,0413 794 072,,,75 Darghan St,NSW,Glebe,2037,-33.876913, 151.189808
Meow Minding,0419 491 497,,,,,,,-34.055381, 151.1515789
Mind A Mutt,0468 878 289,,mindamuttinfo@gmail.com,,,,,-33.7762275, 150.9323148
Mindful Pet Care,0431 580 365,,mindfulpetcareaus@gmail.com,148a Queen St,NSW,Beaconsfield,2015,-33.91308, 151.19908
Mind the House,(02) 4758 9266,,,,,,,-33.7217078, 150.6006381
Moggie &amp; Doggie,(02) 9451 4088,,,1/6 Wakehurst Pkwy,NSW,Frenchs Forest,2474,-33.750157, 151.235646
Moggy Minder,0403 134 426,,moggyminder@hotmail.com,,,,,-32.9241733, 151.6236696
Mortdale Veterinary Hospital,(02) 9580 6910,,,42 Pitt St,NSW,Mortdale,2223,-33.97205, 151.07924
Most Loved Pets,0404 414 210,,info.mostlovedpets@gmail.com,,,,,-33.4756348, 151.353345
Muddy Paws Pet Services,0411 335 592,,janetmiles6@bigpond.com,,,,,-33.2088035, 151.5107686
Mutley's Pet Minding,0413 847 847,,muska@optusnet.com.au,,,,,-33.7614873, 151.1288498
Mutts On The Move,0439 473 223,,,93 Burwood Rd,NSW,Whitebridge,2290,-32.978715, 151.71803
My Dogs Gone Walking,0447 773 838,,mydogsgonewalking@bigpond.com,Gurney Cres,NSW,Seaforth,2092,-33.79, 151.23
My Home Watch Orange,0491 027 936,,mhworange@myhomewatch.com.au,,,,,-33.2835775, 149.1012702
Maru-Maru Pet Service,0412 111 906,,,,,,,-33.8935688, 151.1642677
Mind Ur Pets,0411 087 606,,mindurpets@gmail.com,,,,,-34.0516761, 150.830568
Mudgee Dog-A-Cise,(02) 6372 4324,,,20B Industrial Ave,NSW,Mudgee,2850,-32.608624, 149.604506
My Pet World,(02) 8040 5218,,info@shrinkmyworld.com,2/ 238 Palmer St,NSW,Darlinghurst,2010,-33.877891, 151.216768
Nanny McFeed - Anytime Pet Care,0418 405 303,,kathy@nannymcfeed.com.au,134 Lake Russell Dr,NSW,Emerald Beach,2456,-30.162329, 153.164052
Nepean Mountains Dog Grooming,(02) 4735 2558,,,1/17 Pullman Pl,NSW,Emu Plains,2750,-33.74729, 150.656468
Noahs Ark,(02) 9558 1167,,,,,,,-33.91063, 151.15646
Northern Beaches Dog Homestay,0438 988 213,,,46 Palmgrove Rd,NSW,Avalon Beach,2107,-33.637887, 151.324144
Natural Healing for Animals,0414 389 949,,,4J 2 King St,NSW,Wollstonecarft,2065,-33.836719, 151.194299
Newcastle Dog Walking,0466 803 992,,newcastledogwalking@hotmail.com,,,,,
Noonies Pet Care,0411 398 395,,darrin@noonies.org,,,,,-32.7887489, 151.9033632
Not Just Dogs,0404 461 248,,,,,,,-33.6214965, 150.873192
Ooh La La Pet Spa,,,pamperedpets5@yahoo.com,,,,,-33.0493222, 151.6551502
Pagett's Pet Care,0407 229 633,,,,,,,-34.0403082, 150.7352013
Paws n Floors Pet and Cleaning services,0412 985 585,,,Benwerrin Rd,NSW,Wamberal,2260,-33.414427, 151.446585
Pet Au Pair,0466 252 771,,,10 Amaroo Ave,NSW,Elanora Heights,2101,-33.705108, 151.272557
Petite Paws Doggy DayCare,0468 847 822,,petitepawsdoggydaycare@outlook.com,1 22 Barralong Rd,NSW,Erina,2250,-33.433613, 151.385769
Pampered Fur Kids Mobile Dog Washing,0439 793 814,,,30 Bargo Rd,NSW,Bargo,2574,-34.291936, 150.584885
Pampered Paws Dog Grooming,0408 089 369,,,,,,,-32.9266689, 151.7800187
Pampered Puppies Mobile Dog Wash &amp; Clipping Service,0428 217 338,,,,,,,-31.9692248, 152.5863946
Parkland Pets,0405 475 697,,,Parkland Ave,NSW,Macquarie Fields,2564,-33.98769, 150.884514
Paw Judgement,0412 902 049,,taniaandjethro@me.com,27 Caldwell St,NSW,Caves Beach,2281,-33.098147, 151.642796
Paw People,0415 601 873,,,Unit 11 23-25 Fontainebleau St,NSW,Sans Souci,2219,-34.000891, 151.130153
Paws dog school.,0488 359 322,,,,,,,-34.0256732, 150.8205588
Paws Galore,0411 409 054,,,,,,,-33.8776567, 151.2429375
pawsome pet sitting services,0410 008 191,,,49 Albert St,NSW,Unanderra,2526,-34.448982, 150.847134
Pawsonal Assistant,0479 104 722,,pawsonalassistantenquiries@gmail.com,,,,,-34.0344605, 151.1023188
Paws On Pavement,0405 194 886,,,,,,,-36.0807785, 146.9164693
Paws On the Run,0410 548 108,,,,,,,-33.8720337, 151.2286721
Paw to the Floor,0431 111 772,,,Lyons Rd,NSW,Drummoyne,2047,-33.8509, 151.153544
Paw Trails,0466 307 860,,abbie@pawtrails.com.au,56 Rixons Pass Rd,NSW,Woonona,2517,-34.351595, 150.897406
Pawz In Style,(02) 9798 5779,,,75 Georges River Rd,NSW,Croydon Park,2133,-33.894905, 151.109194
Perfectly Pampered Pets,0425 230 429,,,,,,,-32.7771592, 151.6392089
Pet Care 2U,0402 549 836,,info@petcare2u.com.au,,,,,-34.9971061, 150.7226337
Pet Care Pharmacy,(02) 9896 5885,,info@petcarepharmacy.com.au,,,,,-33.8203784, 150.9306843
Petceutics,(02) 9453 4745,,info@petceutics.com.au,,,,,-33.7620793, 151.2164704
Pet Envy,0410 630 130,,pet-envy@live.com,Sutherland Shire,NSW,Gymea,2227,-34.0364575, 151.0847863
Pet Harmony &amp; Wellbeing,0408 424 307,,,,,,,-33.87276349, 151.2053446
Pet Home Care Penrith,0404 494 260,,floody2@aapt.net.au,21 Waterford Way,NSW,Glenmore Park,2745,-33.797929, 150.686801
Pet Homestay and Doggie Daycare,0437 781 786,,lratzer@hotmail.com,272 Quarry Rd,NSW,Ryde,2112,-33.803946, 151.113476
Petico Eco Pet Products,(02) 8079 5851,,,,,,,-33.7134525, 151.1471774
Pet Mobile,0414 608 206,,,,,,,-33.8294285, 151.2441266
Pet Nurture,0403 939 202,,,,,,,-33.858935, 151.2784079
PetO Grooming,(02) 9938 1177,,,626 Pittwater Rd,NSW,Brookvale,2100,-33.767507, 151.269697
PETOPIA WORLD PTY LTD,0449 089 623,,,88 Rider Bvd,NSW,Rhodes,2138,-33.831452, 151.085525
Petpals,(02) 8819 4037,,sydneypetpals@gmail.com,4 Bronhill Ave,NSW,East Ryde,2113,-33.809332, 151.13722
Pet Resorts Australia,(02) 4367 1200,,terrigal@petresortsaustralia.com,171 Serpentine Rd,NSW,Terrigal,2260,-33.437766, 151.415862
Pet Resorts of Australia,(02) 4367 1200,,terrigal@petresortsaustralia.com,171 Serpentine Rd,NSW,Terrigal,2260,-33.437766, 151.415862
Perfect Paws,0402 708 249,,,,,,,-34.0092383, 151.0563383
Pet Insurance Australia,1800 043 552,,pia@petsure.com.au,,,,,-33.72510369, 151.00187631
Pets At Home &amp; Play,0401 137 514,,,,,,,-34.3887091, 150.8780985
Pets Domain,(03) 5135 6042,,,Shop 102/ 72 Princes Dr,VIC,Morwell,3840,-38.236081, 146.429268
Pet Watch,0428 855 570,,,,,,,-36.0807785, 146.9164693
Pooch and Pony,0435 923 687,,poochandpony@hotmail.com,,,,,-33.5613231, 150.8383147
Prima Performance Canine Services,0433 485 733,,primaperform@yahoo.com.au,,,,,
Petsecure,1300 855 160,,customercare@petsecure.com.au,,,,,-33.8268345, 151.2009369
Pets Get Physical,0403 127 710,,kristy@petsgetphysical.com.au,,,,,-33.837865, 151.04668
Pet Sitting Plus,(02) 8999 4393,,,,,,,-33.425079, 151.3422162
PETstock,(02) 9629 7600,,info@petstock.com.au,Masters Home Improvement Ctr 1/ 4 Commercial Rd,NSW,Rouse Hill,2155,-33.686018, 150.921708
PETstock Bathurst,(02) 6331 7792,,bathurst@petstock.com.au,3 Pat O'Leary Dr,NSW,Kelso,2795,-33.421274, 149.617554
Pets Training And Boarding,1300 889 263,,,,,,,-33.67856677, 150.7704075
PetWatch,0428 855 570,,petwatch@live.com.au,,,,,-36.0807785, 146.9164693
Picture Perfect Pooches,0405 014 345,,,14 Emma Gr,NSW,Glenwood,2768,-33.72839, 150.92895
Pip's Pet Sitting Service,0410 309 211,,info@pipspetsittingservice.com.au,75 Yarram Rd,NSW,Bensville,2251,-33.504679, 151.393986
Planet Pooch,(02) 9399 8284,,,29 Clovelly Rd,NSW,Randwick,2031,-33.903874, 151.243663
Platinum Paws,0424 647 237,,,29 Rowntree St,NSW,Balmain,2041,-33.855433, 151.178646
PLAYFUL Paws Pet Care,0410 855 254,,playfulpawssydney@gmail.com,,,,,-33.8414591, 151.1089752
POOCH CARE,0447 755 021,,,,,,,-34.55941143, 150.79043602
Pooch Grooming,(02) 4472 9686,,,2/ 6 Russell St,NSW,Batemans Bay,2536,-35.719357, 150.177688
Poochie Poo Goulburn Pet Sitting,0419 556 028,,poochiepoogoulburn@gmail.com,,,,,-34.7545432, 149.7178169
Pooch Patrol with Diego,0423 232 640,,,,,,,-33.4183552, 149.6116486
Pooch People The,0438 682 983,,,,,,,-33.8837756, 151.1570618
Poo Patrol,1800 364 766,,,,,,,-33.87276349, 151.2053446
Prismatic Guinea Pigs,0400 081 397,,,10C Beechworth Rd,NSW,Pymble,2073,-33.741917, 151.135526
Prosure,1800 424 917,,prosure@petsure.com.au,Locked Bag 9021,NSW,Castle Hill,1765,-33.72510369, 151.00187631
Puppuccino Pet Spa,(02) 9969 0299,,marketing@puppuccino.com.au,1/ 50-52 Spit Rd,NSW,Mosman,2088,-33.823552, 151.241769
Puppuccino Pet Spa Forestville,(02) 8065 9828,,puppuccinoforestville@gmail.com,Shop 3 51 Arthur St,NSW,Forestville,2087,-33.760077, 151.203575
PetSure (Australia) Pty Ltd,(02) 9842 4800,,vethelpline@petsure.com.au,Level 1 465 Victoria Ave,NSW,Chatswood,2067,-33.796785, 151.179947
Playtime 4 K-9,0415 779 443,,,244 Stafford St,NSW,Penrith,2750,-33.758886, 150.693578
Precious Pets,(02) 6036 3113,,,Lot 269/ Hume Hwy,NSW,Holbrook,2644,-35.735073, 147.305745
Puppy Rampage,0424 263 569,,,Hoover Rd,ACT,Queanbeyan,2620,-35.366147, 149.200286
RSPCA Pet Insurance,1300 881 492,,enquiries@rspcapetinsurance.org.au,Locked Bag 9021,NSW,Castle Hill,1765,-33.72510369, 151.00187631
Samsitter,0405 929 775,,admin@samsitterpetservices.com,,,,,
Sit Run Play - Professional Dog Walking &amp; Pet Care,0405 848 328,,emma@sitrunplay.com.au,3 Cliff St,NSW,Manly,2095,-33.801282, 151.289202
Spunky Puppies,1300 778 659,,,,,,,-32.9266689, 151.7800187
Steph's Pets,0401 205 540,,stephspets1@gmail.com,,,,,-33.8674861, 151.1300906
Sandy Paws Vet Iluka,(02) 6646 5676,,,6/ 42-44 Charles Crst,NSW,Iluka,2466,-29.408992, 153.352011
Scruffy's Doggy Daycare &amp; Grooming,(02) 9939 8899,,bookings@scruffys.com.au,47 Winbourne Rd,NSW,Brookvale,2100,-33.762849, 151.276072
SEAMAN'S MOBILE MICROCHIPPING,0458 366 503,,jessieseaman2@gmail.com,288 Flora Reserve Rd,NSW,Gilgandra,2827,-31.678234, 148.748505
See Spot Run,0405 291 339,,,Unit 23/ 20 Warwick Ave,NSW,Cammeray,2062,-33.822475, 151.218289
Social Pet - Dog Walker Pet Sitter,0410 343 656,,info@socialpet.com.au,,,,,-33.7920334, 150.9748614
Solar Lodge Boarding Kennel &amp; Cattery,(02) 4572 5053,,info@solarlodge.com.au,10 Fifth Road,NSW,Berkshire Park,2765,-33.671129, 150.779167
SPARKLING PETS GROOMING SALON,0493 883 522,,,18 Cromarty Cres,NSW,Winston Hills,2153,-33.777678, 150.980372
Spoilt Rotten Dogs,(02) 8964 6856,,info@spoiltrottendogs.com.au,358 Norton St,NSW,Lilyfield,2040,-33.874612, 151.155741
Staycation 4 Pets,0404 444 832,,sacha@staycation4pets.com.au,,,,,-33.85628, 151.1030725
Stella Pet Sitting Services,0439 657 817,,info@stellapetsitting.com,,,,,-33.5136335, 151.3355132
Stephanie's Fur, Fins &amp; Feathers Care,0409 243 560,,,,,,,-33.5613231, 150.8383147
Sunshine Bunnies Rabbit Stud,0452 609 016,,beba_0013@bigpond.com,Unit 13 46 Kurama Cres,NSW,Whalan,2770,-33.754953, 150.814611
Suz's Pet Services,0408 950 561,,suzspetservices@gmail.com,,,,,-35.1147668, 147.3696159
Sydney Cat Enclosures,0427 848 772,,peter@sydneycatenclosures.com.au,13/ 63 Bellingara Rd,NSW,Miranda,2228,-34.022076, 151.103183
Sydney Petlands,(02) 9651 6035,,stay@sydneypetlands.com.au,1003 Old Northern Rd,NSW,Dural,2158,-33.67143, 151.025387
Shanny The Nanny,(02) 9457 9162,,,15 Excelsior Rd,NSW,Mt Colah,2079,-33.65916, 151.12574
Spoilt Rotten Pets,(02) 6040 9501,,,Shp 2/ 326 Griffith Rd,NSW,Lavington,2641,-36.050845, 146.933551
Steph's Clip Clean &amp; Cuddles,0402 775 071,,takani01@bigpond.net.au,59 Porcupine Lane,NSW,Tintinhull,2352,-31.074775, 151.021569
Sydney Pet Resort,0422 647 754,,,504 Windsor Rd,NSW,Vineyard,2765,-33.644325, 150.854311
Tails On Trails,0418 546 067,,garth@tailsontrails.com.au,,,,,-33.8921362, 151.2473713
The Dog Groom Room Tamworth,0448 133 331,,,19 Herden Rd,NSW,Kingswood,2340,-31.159098, 150.90332
The PET Getaway Goulburn,0457 447 921,,thepetgetaway2580@gmail.com,,,,,-34.58916, 149.926414
Tom's Pet at Home Support,0431 022 014,,,King St,NSW,Newtown,2042,-33.895882, 151.181024
Talbot Park Canine Lodge,(02) 9651 1293,,,1019 Old Northern Rd,NSW,Dural,2158,-33.667429, 151.028089
T Bones Dog Walking &amp; Pet Care,0411 114 115,,,Park Rd,NSW,Five Dock,2046,-33.867615, 151.132994
Teachers Pet,(02) 6733 5384,,,,,,,-29.7376638, 151.7402506
The Cat Protection Society of NSW,(02) 9516 2072,,opshop@catprotection.org.au,85 Enmore Rd,NSW,Newtown,2042,-33.898486, 151.174666
The Critter Sitter,0402 129 896,,michelle@crittersitter.com.au,,,,,-32.8345782, 151.3564619
The Dog Brigade,0405 534 034,,info@thedogbrigade.com.au,,,,,-33.8908435, 151.2742906
The Dog Pamperer Mobile grooming salon,0424 234 387,,,Palmer Ave,NSW,Strathfield,2135,-33.88, 151.07
The Exotic Animal Inn Pty Ltd,0481 466 288,,,76 Bee Farm Rd,NSW,Springwood,2777,-33.70955, 150.560605
The Fixer Uppers,0425 260 122,,,,,,,-33.72510369, 151.00187631
The Happy Puppy Dog Grooming,0409 321 323,,,65B Victoria St,NSW,Taree,2430,-31.91063, 152.464999
The K9 Kliproom,0419 142 718,,,,,,,-33.8152373, 151.003125
The Little Paws Pack,0415 115 481,,scottblenkin@thelittlepawspack.com.au,420/ 136 Curlewis St,NSW,Bondi Beach,2026,-33.888746, 151.274573
The Purple Paw,0414 913 814,,thepurplepaw@petlover.com,,,,,-34.3338628, 150.9133841
The Purrfect Pup,0410 216 989,,helena@thepurrfectpup.com,,,,,-33.8062519, 151.1664754
The Rabbit Sanctuary,0416 062 947,,rabbitrescuesanctuary@gmail.com,59 Tintenbar Rd,NSW,Rushforth,2460,-29.737598, 152.87916
The Smiling Dog,0418 296 000,,,,,,,-33.0542159, 151.5944129
The Social Petwork,0405 791 745,,,,,,,-33.8996573, 151.1844332
Time Out Pet Care,0418 206 215,,timeoutpetcare@gmail.com,Yass River Rd,NSW,Yass,2582,-34.930841, 149.12181
Top Dog,0414 369 379,,,,,,,-33.6075314, 150.819451
Top Dogs-Dog Walking Service,0407 899 488,,,24 Beacons Field St,NSW,Alexandria,2015,-33.91401, 151.19875
Top Tails Mobile Dog Wash,0487 897 465,,,,,,,-35.3570199, 150.4739806
Toronto K9 DIY Dog Wash,0402 796 443,,cuttys1@bigpond.com,6 Leo Lewis Cl,NSW,Toronto,2283,-33.004121, 151.567029
Tranquil Dog Minding,0401 549 504,,helencole47@gmail.com,425 Rocky Point Rd,NSW,Sans Souci,2219,-33.9904465, 151.1335762
The Dog Door Man,(02) 9119 1961,,,Kobaba Pl,NSW,Sylvania,2224,-34.01, 151.09
The North Shore Dog Walker,0412 405 881,,kevin@thenorthshoredogwalker.com.au,50 Mabel St,NSW,North Willoughby,2068,-33.798074, 151.195664
Time To Walk,(02) 9665 9041,,,,,,,-33.9206448, 151.2552465
Tux 'N' Tails Dog Walking,0414 345 422,,tux.tails@yahoo.com.au,Lime St,NSW,Cabramatta West,2166,-33.89, 150.91
Ultimates Indulge,(02) 8852 2100,,mail@ultimatesindulge.com.au,Suite 304 10 Century Cct,NSW,Baulkham Hills,2153,-33.732821, 150.964351
Urban Herd,0419 263 853,,anna@urbanherd.com.au,,,,,-33.827324, 151.2307016
Valley View Boutique Cattery,0413 237 567,,valleyviewcattery@outlook.com,44 Valley View Cct,NSW,Warriewood,2102,-33.68750078, 151.29338809
Vetchat,0422 444 289,,hello@vetchat.com.au,,,,,-33.87276349, 151.2053446
Visit My Cat - cat sitter,0418 963 815,,maureen@visitmycat.com.au,,,,,-33.7335412, 151.1277681
Waggin 'n' Walking - Complete Animal care,0417 215 617,,info@wagginnwalking.com.au,,,,,-33.6830946, 150.871078
Wally's Dog Walking and Pet Sitting,0488 997 270,,,19 Tonkiss St,NSW,Tuggerah,2259,-33.311424, 151.412446
WestGosfordFamilyvet,(02) 4323 6023,,,11 Hely St,NSW,West Gosford,2250,-33.426117, 151.330209
Woof n Wag,0400 720 254,,woofnwagau@gmail.com,,,,,-33.87276349, 151.2053446
Wags Walking Service,0416 950 681,,dagthewag@hotmail.com,24 Jessica St,NSW,Bateau Bay,2261,-33.380946, 151.459246
We Love Dogz,1300 606 601,,,5/ 36 Hampden Rd,NSW,Artarmon,2064,-33.810166, 151.186441
What's Up PussyCat?,0415 525 139,,regina@whatsuppussycat.com.au,10 Cliff Ave,NSW,Peakhurst Heights,2210,-33.977762, 151.051928
Woof n Whiskers Pet Minding,0431 283 740,,woofnwhiskers@hotmail.com,,,,,-33.7821443, 150.7088773
Walkin Paws,0403 071 421,,,43A St Marks Rd,NSW,Randwick,2031,-33.91093, 151.24726
Western Sydney Pet Minding Services,0403 189 725,,wspms@dodo.com.au,Francine St,NSW,Seven Hills,2147,-33.767418, 150.935775
WOOFLES,0404 818 499,,jane@woofles.com.au,,,,,
Woof Walkers,0404 878 940,,,,,,,-33.7682476, 151.0287646
Your Best Friends Sitter - Dog Walking &amp; Pet Care Services,0412 971 302,,yourbestfriendssitter@gmail.com,1390 Solitary Islands Way,NSW,Sandy Beach,2456,-30.147818, 153.186607
Your Doggy Daycare,0416 618 190,,info@yourdoggydaycare.com.au,137 Wakehurst Pkwy,NSW,Seaforth,2092,-33.784681, 151.239047
Your Pets Best Friend,(02) 9960 3795,,,,,,,-33.8294285, 151.2441266
Yuppy Puppy,0447 778 779,,,,,,,-33.7944635, 151.2651887
All Pets Vetrinary Hospital,(08) 8948 0056,,,52 Trower Rd, NT,Rapid Cree,0810,-12.386138, 130.862062
At The Very Leash,0420 373 166,,,,,,,-12.4810638, 130.9860106
Bitch Box Pty Ltd,0419 852 652,,,950 Kentish Rd, NT,Berry Spring,0838,-12.74028, 131.004386
Cat Association Of The Northern Territory Inc,(08) 8932 2552,,cantsecretary@gmail.com,11 Farrell Cres, NT,Winnelli,0820,-12.428475, 130.900246
Coolair Cattery,(08) 8983 1230,,,Lot 50 Callistemon Rd, NT,Howard Spring,0835,-12.4714, 131.07104
Dog Walking, Pet's Airport Taxi &amp; Pet Services Darwin and Palmerston,0400 646 803,,,1 7 O'ferrals Rd, NT,Bayvie,0820,-12.437168, 130.86045
Fruit Of Freedom,0417 398 476,,,,,,,-12.3948909, 130.9025663
Hurry Home,0408 083 889,,,,,,,-12.462288, 130.840901
Jingili Cat Castle,(08) 8985 5474,,,53 Freshwater Rd, NT,Jingil,0810,-12.391127, 130.870434
Kristys Complete K9 Care,0421 750 748,,,6 Woodlake Blv, NT,Durac,0830,-12.479315, 130.976166
Litchfield Vet Hospital,(08) 8983 2838,,info@litchfieldvet.com.au,Shop 1-2, Coolalinga Shopping Village, NT,Coolaling,0835,-12.519363, 131.034966
Paws &amp; Relax Pet Minding,0498 577 248,,pawsandrelaxpetminding@gmail.com,,,,,-12.4786953, 130.9755855
Pawz N Clawz Pet Accommodation,(08) 8953 5590,,,47A Priest St, NT,Alice Spring,0870,-23.691556, 133.871606
Steph's Pet Services,0400 646 803,,slindenschmid@gmail.com,,,,,-12.51032615, 131.00475238
Sues Grooming,0429 495 335,,,5 Azimuth Ct, NT,Woodroff,0830,-12.499903, 130.975959
Annie the Pet Nanny,0432 602 238,,kiraandannie@gmail.com,,,,,-34.9551237, 138.589865
Beau's Pet Hotel,(08) 8115 6080,,info@beaus.org.au,South Of Harbour Town Shopping Centre 1 Navaid Rd, SA,Adelaide Airpor,5950,-34.954463, 138.518531
Blissful Buddies Dog Walking and Pet Sitting,0474 464 479,,,8 Mail Rd, SA,Harrogat,5244,-34.949782, 139.011294
Cameron Veterinary Services,(08) 8568 2152,,,1 Rudall St, SA,Gawler Eas,5118,-34.604532, 138.752697
Clipper Jack Pty Ltd,0409 719 171,,,Unit 2 25 Penong Ave, SA,Camden Par,5038,-34.963683, 138.542492
Come Sit Stay,0422 319 850,,rachel22mpg@hotmail.com,19 Montana Dr, SA,Novar Garden,5040,-34.967372, 138.530546
Completely Canine,0403 421 374,,julia@completelycanine.com.au,,,,,-35.0080045, 138.6245003
Dog Adventures,0414 773 474,,leisalockhead@y7mail.com,8 Allington Ave, SA,Marlesto,5033,-34.948333, 138.555662
Doggy Styled,0434 049 844,,rst.olson@hotmail.com,49 Secomb Ave, SA,Parafield Garden,5107,-34.779039, 138.625164
Dogwise Daycare,0452 101 029,,,Cheltenham Pde, SA,Cheltenha,5014,-34.867195, 138.528978
Doug The Dog Walker,0409 846 350,,,41 Third Ave, SA,St Peter,5069,-34.907824, 138.62483
Dogcity Daycare,(08) 8363 5088,,dogs@dogcity.com.au,24 King William St, SA,Kent Tow,5067,-34.920145, 138.61725
Dogs &amp; Mogs Holiday Centre,(08) 8325 0666,,,Lot 22/ Kellys Rd, SA,Christies Beac,5165,-35.128233, 138.479406
Dogz RRR Us,(08) 8391 2172,,,16- 18 Light Cres, SA,Mt Barke,5251,-35.07306, 138.87485
Dr Mustafa Bozkurt,(08) 8645 5000,,Mustafa@buzkurt.com.au,12 Jamieson St, SA,Whyall,5600,-33.03525, 137.58753
EP Dogz,0427 826 687,,epdogz@hotmail.com,4 Proper Bay Rd, SA,Port Lincol,5606,-34.744494, 135.847382
Erins Dog Walking,0499 474 919,,erinssdogwalking@hotmail.com,113A Ridley Gr, SA,Ferryden Par,5010,-34.864356, 138.556733
Freya's Friends Dog Walking and Pet Care Services,0432 182 884,,christie@freyasfriends.com,Holdfast Bay, South Australia,, SA,Somerton Par,5044,-34.9966708, 138.5212797
Furkids Pet Services,0432 644 937,,info@furkidspetservices.com.au,12 Marnhull St, SA,Elizabeth Grov,5112,-34.737558, 138.672067
Furry Friends Professional Pet Styling,0448 004 266,,,29 Main St, SA,Lobetha,5241,-34.905433, 138.874124
Homesitters of Adelaide,(08) 8271 3000,,info@homesitters.com.au,,,,,-34.9432552, 138.6222482
Idyll Inn Dog Grooming Studio,(08) 8277 9412,,,26C Daws Rd, SA,Ascot Par,5043,-34.992958, 138.565626
Jan's Pet Care,0408 329 421,,,5 Franklin St, SA,Kingscot,5223,-35.656111, 137.634525
JJ's Pet Care,0427 702 113,,,92 Two Wells Rd, SA,Gawle,5118,-34.599857, 138.657488
Karella Feed,0412 853 585,,,Muanu Rd, SA,Clar,5453,-33.879372, 138.570608
Little Dog Daycare,(08) 8151 1203,,,112 O'connell St, SA,North Adelaid,5006,-34.905467, 138.596012
Little Rascals,0427 089 993,,,934 South Rd, SA,Edwardstow,5039,-34.975871, 138.573195
Michelle's Groom Service,0402 690 931,,michellesgrooming@hotmail.com,12 Sparkes St, SA,Port August,5700,-32.487756, 137.772436
Mima's Grooming,(08) 7225 8800,,bookings@mimasgrooming.com.au,562 Port Rd, SA,Allenby Garden,5009,-34.894322, 138.554617
Modern Pet Doors,0431 908 929,,juliandunstan43@gmail.com,6 Leads St, SA,Woodville Nort,5012,-34.864092, 138.539724
Mt Barker Pet Care Centre,(08) 8391 4155,,,19 Gawler St, SA,Mt Barke,5251,-35.067067, 138.858511
Northern Pet Care &amp; Home Minding Services,(08) 8289 7149,,,3 Mantura Ct, SA,Greenwit,5125,-34.767224, 138.705142
Pauley's Pet Services,0474 657 842,,rachel@pauleyspetservices.com.au,Sir James Hardy Way, SA,Woodcrof,5162,-35.098142, 138.559876
Pet Deli,(08) 8351 1183,,,Shop 2 283 Anzac Hwy, SA,Plympto,5038,-34.963829, 138.554313
Pets Don't Fret,0403 023 664,,,,,,,-35.0261727, 138.6718685
Paws 4 Massage,0414 252 374,,paws4massage@mail.com,McKenzie Rd, SA,Elizabeth Down,5113,-34.696164, 138.693885
PetLet,0408 818 413,,stay@petlet.net.au,PO Box 519, SA,Victor Harbo,5211,-35.5539081, 138.6224687
Petstock,(08) 8120 0944,,burnside@petstock.com.au,286-288 Greenhill Rd, SA,Glensid,5065,-34.939964, 138.63432
Refined Mutts,0422 541 570,,skamjon@netspace.net.au,,,,,-34.5987193, 138.7633425
Riverland Family creatures,0421 841 158,,,,,,,-34.4512746, 140.5696614
Short Bark 'N' Sides,0425 301 237,,,,,,,-34.7079594, 138.7058639
South East Vet Service,(08) 8725 5855,,reception@southeastvets.com.au,314 Commercial St West, SA,Mt Gambie,5290,-37.819715, 140.754576
The Hound Spa,0415 112 496,,thehoundspa@gmail.com,60a Burma Rd, SA,Yund,5172,-35.311877, 138.637642
Tracey's Pet Services,(08) 8172 1380,,tracyspetservices@gmail.com,199 Wattle St, SA,Malver,5061,-34.954903, 138.610701
Unleash The Hounds,0448 608 537,,,9 Gilbertson Rd, SA,Seacliff Par,5049,-35.032437, 138.527629
WALKS WOOFS N' WAGS,0418 546 067,,,2 Countryman Ct, SA,Kidman Par,5025,-34.90712, 138.529047
West Adelaide Pet Sitters,0406 441 243,,westadelaidepetsitters@gmail.com,43 Ballantyne St, SA,Thebarto,5031,-34.916168, 138.568788
Wet Dog Grooming,0466 465 047,,wetdoggroomingonline@gmail.com,- Wootoona Ave, SA,Christies Beac,5165,-35.133048, 138.475687
All For Dogs,0438 528 954,,,Clifton Beach Rd,TAS,Clifton Beach,7020,-42.978003, 147.512591
At Home Pet Sitters,1300 738 934,,info@athomepetsitters.com.au,,,,,-43.1802053, 147.1302839
Briarside Cat Boarding Centre,(03) 6428 3031,,angelikadoran@gmail.com,515 Kindred Rd,TAS,Forth,7310,-41.22246, 146.23128
Chan Salina,(03) 6396 1344,,,755 Frankford Hwy,TAS,Glengarry,7275,-41.3321, 146.87815
Chloes Inhome Pet Mindng Service,0488 446 692,,,,,,,-42.8499053, 147.2810944
Fido Fitness Dog Walking,0409 013 977,,Robyn.mills@live.com,42 Anstey St,TAS,Howrah,7018,-42.871362, 147.396198
Hobark Dog Training,0418 366 471,,wendy.meek@bigpond.com,2850 South Arm Rd,TAS,South Arm,7022,-43.032525, 147.43695
Kennedys K9s,0400 715 880,,,,,,,-42.8499053, 147.2810944
L'amour De Paws,0439 324 160,,anita@lamourdepaws.com,,,,,-41.4370868, 147.1393767
Minders In Home Pet Care,0408 242 832,,stressfreepets@hotmail.com,,,,,-41.1783532, 146.3609534
Pawprints Canine Accommodation &amp; Cattery,(03) 6442 5018,,paw_print@bigpond.com,54 Mount Hicks Rd,TAS,Wynyard,7325,-40.998042, 145.749484
Petbarn,(08) 6430 5410,,,Shop 2 816 Beeliar Dr, WA,Succes,6164,-32.131025, 115.856561
Pet &amp; Home Care Hobart,0413 741 630,,,Bayfield St,TAS,Bellerive,7018,-42.867616, 147.373948
Prestige Paws,0431 795 477,,prestigepaws@outlook.com,9 Nala Rd,TAS,Oyster Cove,7150,-43.10568, 147.222822
Paws up pet grooming,0450 978 561,,pawsuppetgrooming@hotmail.com,Shop 4 48 Binalong Rd,TAS,Mornington,7018,-42.862893, 147.383309
PET Corral,(03) 6428 8288,,,102 Alexander St,TAS,Shearwater,7307,-41.163241, 146.53229
Pet Pals,(03) 6248 5047,,,,,,,-42.8310984, 147.4660461
Prestige Pet Movers,1300 418 140,,info@k9hydrotherapy.com.au,805 Hobart Rd,TAS,Breadalbane,7258,-41.521043, 147.192654
SIR DOGALOT PET SERVICES,0403 928 086,,,,,,,-42.75461275, 147.29659138
Tasmanian Animal Supplies,(03) 6442 1485,,Info@tasmaniananimalsupplies.com.au,126 Goldie Street,TAS,Wynyard,7325,-40.990258, 145.725309
Ten Lives Cat Centre,(03) 6278 2111,,info@tenlives.com.au,12 Selfs Point Rd,TAS,New Town,7008,-42.847329, 147.318276
The Doggie Stylist,0407 366 532,,,,,,,-41.1574848, 146.1728836
Ulverstone Boarding Kennels &amp; Cattery,(03) 6425 1634,,ulviebkc@gmail.com,30 Maskells Rd,TAS,Ulverstone,7315,-41.155945, 146.217615
WILD HOUND AND REBEL DOG,0407 642 937,,,140 Pearns Lane,TAS,Bracknell,7302,-41.61816, 146.937098
Wynyard Hydrobath &amp; Dog Grooming,(03) 6442 2695,,info@wynyardhydrobath.com.au,126 Goldie St,TAS,Wynyard,7325,-40.990258, 145.725309
Yours In Paws Dog Day Care &amp; Training,(03) 6334 4662,,jillian@yoursinpaws.com,11 Churchill Park Ave,TAS,Invermay,7248,-41.419703, 147.142244
AA Personal Pet Care,0487 957 192,,anappcare@hotmail.com,,,,,-36.1244317, 146.8872636
A Doggie Day Care @ Puppy Creche,(03) 9532 1393,,,216 Wickham Rd,VIC,Moorabbin,3189,-37.946375, 145.052473
All Dogs Mobile Grooming,0419 600 599,,,,,,,-36.7587112, 144.2837459
Animal Botanicals,0488 132 953,,,,,,,-37.8947491, 145.0776882
Aaron's Dog Jogging,0416 949 111,,aaronsdogjogging@gmail.com,,,,,-37.8201478, 145.0358004
A Bit of a Stretch,0403 131 270,,fifimays@yahoo.com.au,,,,,-37.9026094, 145.0189024
Adore All Pet Care,0415 696 144,,adoreallpetcare@aol.com,1 Brown St,VIC,Traralgon,3844,-38.192028, 146.525696
Adore All Pet Care Service,0415 696 144,,,,,,,-38.1971087, 146.534618
All Paws Pet Buddy,0417 367 307,,,60 Lansdowne St,VIC,Sale,3850,-38.1062, 147.07724
All Paws Pet Resort,(03) 9394 1136,,allpaws@bigpond.com,Cnr Woods Rd and Boundary Rd,VIC,Truganina,3029,-37.80981, 144.7213
Aquapaws,(03) 5977 8841,,,32 Lower Somerville Rd,VIC,Somerville,3912,-38.228, 145.19518
Aussie Pet Watchers,0404 642 524,,,,,,,-37.9710783, 145.1490139
Academy Of Dog Grooming,(03) 9744 4703,,,8 Melba Ave,VIC,Sunbury,3429,-37.574036, 144.70593
ALL 4 PAWS,(03) 5241 2802,,sonia@all4paws.net.au,,,,,-38.1753217, 144.3422627
A&amp;M Mobile Dog Poo Cleaning Services,0481 514 329,,,45 Barkly St,VIC,Mornington,3931,-38.222073, 145.037648
Australian Animal Protection Society,(03) 9798 8415,,veganbunnygirl@yahoo.com.au,132 Bangholme Rd,VIC,Dandenong South,3175,-38.036738, 145.195151
Balanced Paws,0478 033 780,,,4 Invictus Ct,VIC,Sale,3850,-38.101864, 147.088661
Barking Good Animal Naturopathy,0459 924 663,,,,,,,-37.9191499, 145.2355464
Bird Boarding Services &amp; Supplies,1300 556 321,,,3 Allenby St,VIC,Coburg North,3058,-37.727713, 144.960325
Ballarat Animal Shelter,(03) 5334 2075,,animalshelter@ballarat.vic.gov.au,5A Gillingham Pl,VIC,Alfredton,3350,-37.565354, 143.815156
Ballarat Creature Comforts,0439 062 628,,,,,,,-37.5608013, 143.854986
BARF Australia,1300 521 185,,barf.victoria@gmail.com,47 Fortescue Ave,VIC,Seaford,3198,-38.114954, 145.130125
Bayside Clippers Dog Grooming,0417 141 319,,sandra@baysideclippers.com.au,39 Charles St,VIC,Cheltenham,3192,-37.972275, 145.062029
Bayside Dog Walking Company,0409 213 131,,,,,,,-37.9056598, 145.0043117
Bendigo Region Pet/House Sitter,0418 794 061,,,,,,,-36.7954767, 144.2408367
Best Friends Preston,(03) 9470 6116,,,U 1/ 97 Chifley Dr,VIC,Preston,3072,-37.741915, 145.029821
Best Paw 4Ward,0423 079 242,,lena@bestpaw4ward.com.au,,,,,-37.8679434, 144.8412148
Blue Moon Pet Minding Services,0414 389 076,,,,,,,-38.1783668, 144.420274
BM Repairs and Servicing,0481 852 222,,bmrepairservicing@gmail.com,Factory 14 266 Osborne Ave,VIC,Clayton South,3169,-37.945293, 145.120135
Barkers Delight,(03) 9484 5509,,,N A,VIC,Thornbury,3071,-37.674987, 144.854079
Best Paw Forward,0405 796 697,,,,,,,-37.7750179, 145.248885
Bree's Pet Minding &amp; Grooming,0435 814 453,,breespetminding@hotmail.com.au,7 Cheam St,VIC,Dandenong North,3175,-37.962504, 145.222987
Camel Connection,0487 032 810,,hello@camelconnection.com,,,,,-37.8795844, 147.9916047
Cats Cottage Traralgon,(03) 5174 4399,,brettlee29@hotmail.com,5 Turnbull Dr,VIC,Traralgon East,3844,-38.180439, 146.59495
Chill 10 Pet Services,0475 391 151,,,345 Mcgrath Rd,VIC,Wyndham Vale,3024,-37.886913, 144.630969
Command Dog Training School (Vic) Pty Ltd,(03) 9877 6522,,,19 Jeffery St,VIC,Blackburn,3130,-37.827579, 145.1559
Canine Clip Joint,(03) 9571 3130,,jenny@canineclipjoint.com.au,144 Neerim Rd,VIC,Caulfield East,3145,-37.886752, 145.044057
Carnegie Mobile Dog Groomers,(03) 8592 4755,,carnegiedoggrooming@gmail.com,5/102 Truganini Rd,VIC,Carnegie,3163,-37.893215, 145.054291
Casa Di Gata,0429 191 608,,casadigata@gmail.com,,,,,-37.7267585, 145.1129034
Catyards For Backyards,0401 804 002,,catyardsforbackyards@gmail.com,7 Ruby Cove,VIC,Mornington,3931,-38.247862, 145.059852
Ceeanday Petcare Services,0418 794 061,,PetSitterCarer@gmail.com,,,,,-36.7954767, 144.2408367
Central Animal Records (Aust) Pty. Ltd.,(03) 9706 3187,,info@car.com.au,22 Fiveways Bvd,VIC,Keysborough,3173,-37.988987, 145.150398
Clear Water Revivers,0421 153 745,,,,,,,-37.292857, 144.9512553
Clear Water Revivers Pond Cleaning, Maintenance, Construction and Repair,(03) 8669 1327,,,,,,,-37.9874598, 145.2148612
Clippers Expert Pet Grooming,(03) 9803 7070,,clippersburwood@bigpond.com,292B Burwood Hwy,VIC,Burwood East,3151,-37.8542, 145.16
Country Pine Kennels &amp; Cattery,(03) 5149 7711,,,10 Carrs Creek Rd,VIC,Longford,3851,-38.243491, 147.131606
Critter Crew Pet Sitting &amp; Dog Walking,(03) 8637 7124,,,4 Albert Ave,VIC,Springvale,3171,-37.945609, 145.146738
Cat Boarding Melbourne,1300 342 110,,info@catboardingmelbourne.com.au,213 Sydney Rd,VIC,Coburg,3058,-37.74948, 144.96487
Cesar's Dog Walks,0434 679 768,,,Raglan St,VIC,Daylesford,3460,-37.339476, 144.143282
Comfy Critters,0406 334 910,,,70A Alexandra St,VIC,St Kilda East,3183,-37.864264, 145.003777
Crosspaws,0425 713 227,,sylvie@crosspaws.com.au,,,,,-37.8413601, 145.07561354
Daisy Paw's Dog Grooming,0408 339 201,,samzcblack@gmail.com,,,,,-37.76421, 144.862839
Doggy Problems,(03) 5282 5404,,,,,,,-38.0235922, 144.4078657
DogsHQ,(03) 9415 8885,,info@dogshq.com.au,86-88 Hoddle St,VIC,Abbotsford,3067,-37.80623, 144.992005
Dog Wash Lady The,0403 661 236,,bonnie.pratt11@yahoo.com,,,,,-38.180804, 144.3942644
Dashing Designer Dogs,(03) 5976 2504,,,,,,,-38.2199828, 145.0389461
Dial a pet friend,0438 969 996,,,,,,,-38.1413993, 145.1224639
doggy dos doggy donts,0447 340 345,,,,,,,-38.1951737, 145.1567136
Doggy Run,0405 172 198,,pieterlay@hotmail.com,,,,,-37.869767, 145.0023937
Dog Lovers Dog Walking,0402 106 696,,dogloverswalking@y7mail.com,,,,,-37.840773, 145.1555689
Dog Minding Service Melbourne,0412 521 927,,raddamo123@gmail.com,31 Shaftesbury Parade,VIC,Thornbury,3071,-37.760592, 144.998161
Dog Solutions,0414 415 728,,,,,,,-37.6935425, 144.9152076
Dogtime Pet Services,0435 179 200,,josh@dogtime.com.au,Dendy Park,VIC,Brighton East,3187,-37.9234406, 145.0238809
Dogtopia,(03) 5658 1560,,,21 Mine Rd,VIC,Korumburra,3950,-38.435015, 145.826592
Donna's Dog Walking &amp; Home services,(03) 9744 7826,,,,,,,-37.5794964, 144.728892
Dr Doolittle,0413 189 606,,info@drdoolittle.com.au,,,,,-37.836926, 144.94455
Doggy Paddle,(03) 5986 4056,,jacque_doggypaddle@yahoo.com.au,162 Boneo Rd,VIC,Capel Sound,3940,-38.37392, 144.8886
Dog Obedience Guidance Systems Of Australia (Dogs),1300 655 364,,,53 North St,VIC,Richmond,3121,-37.8162, 145.011614
Dog Walking / Pet Sitting,0413 461 222,,,9 Sorrento Ave,VIC,Point Cook,3030,-37.886904, 144.743543
Duck's Chickens,0422 794 687,,,,,,,-37.7276056, 144.963866
Endeavour Hills Wheel Alignment and Auto Repair Maintenance Store,(03) 9700 3513,,emma.lee66@yahoo.com,13-21 Heatherton Rd,VIC,Endeavour Hills,3802,-37.974929, 145.262031
Furry Friends Holiday Helper,0412 143 372,,admin@furryfriends.com.au,,,,,-38.102039, 145.1259
Geelong West Vet Clinic,(03) 5280 8440,,,130 Shannon Ave,VIC,Geelong West,3218,-38.137437, 144.337337
Grooming By Heidi,0400 100 252,,heidi@groomingbyheidi.com.au,35 Centaurus Ave,VIC,Clifton Springs,3222,-38.148543, 144.574629
Groomzy,0448 113 933,,,59 Sargood St,VIC,Altona,3018,-37.865113, 144.829036
Hairy Hills Pet Services,0422 156 613,,jodybennett@y7mail.com,,,,,-37.902664, 145.329514
Happy Tails on Hampton,0411 031 057,,,,,,,-37.937298, 145.002518
Hershey's Friends,0411 591 136,,,,,,,-37.726738, 145.070251
Homebase Pets,0432 093 950,,info@homebasepets.com.au,,,,,-37.9085957, 144.7520216
Happy Hounds,0430 313 677,,thehappyhounds@webs.com,Old Belgrave Rd,VIC,Caroline Springs,3023,-37.7457294, 144.7347048
Happy Paws,0439 330 893,,,,,,,-38.3864502, 142.4820689
Happy Paws Dog Walking &amp; Pet Services,,,happy_paws@outlook.com.au,,,,,-37.85505483, 145.06797393
HAPPY TAILS PET GROOMING,0422 813 565,,,6 Pulsar Pl,VIC,Kealba,3021,-37.738292, 144.830218
Harmony Hounds,0413 541 613,,,Ridge Rd,VIC,Berwick,3806,-38.033771, 145.364209
Heidi's Happy Tails pet grooming,0438 346 786,,heidihappytails@gmail.com,63 Bowlands Rd,VIC,Leitchville,3567,-35.927721, 144.317316
Hidden Fence Melbourne,(03) 8418 8811,,lachlan@hiddenfence.com.au,,,,,-37.667861, 145.0622519
Hobsons Bay Pet Care Services,0431 380 180,,,,,,,-37.8285914, 144.8702279
Holiday Home Care,0423 600 628,,,,,,,-36.7587112, 144.2837459
Home Doggy Wash Kew,(03) 8592 4785,,,Suite Z 26/ 58 Upper Heidelberg Rd,VIC,Ivanhoe,3079,-37.770691, 145.041431
Home Fairies Australia,0418 651 654,,,1 Rhymney Ct,VIC,Mildura,3500,-34.203415, 142.118469
Hound Hikes,0435 015 419,,houndhikesau@gmail.com,,,,,-37.814262, 145.227386
Happypets@home,0479 049 249,,happypets71@gmail.com,,,,,-38.15361, 145.18457
Heidstar Petcare,0419 118 997,,,,,,,-36.7587112, 144.2837459
Home Alone Care,0490 033 436,,,Lower Rd,VIC,Eltham North,3095,-37.700173, 145.150328
Hounding Around,0424 613 027,,infohoundingaround@gmail.com,Burrowye Cres,VIC,Keilor,3036,-37.708566, 144.812151
I Care Pet Care,0430 523 234,,,,,,,
I.C Pets,0415 716 714,,,,,,,-38.340744, 145.173309
Ingrids Haven,0417 360 700,,ingridarving@hotmail.com,,,,,-37.2456045, 145.0452167
INSTALL A PET DOOR,0466 210 213,,,,,,,-37.8699492, 145.237095
Jeff's Pampered Pets,(03) 5022 8090,,,,,,,-34.2105906, 142.1419289
K-Nine Krusers,0403 059 036,,wilson.kelly0@gmail.com,,,,,-37.7044226, 144.5748145
Lonely Pets Club Bayside,1300 283 353,,paulh@lonelypetsclub.com.au,,,,,-37.981903, 145.064728
Maiden Gully Pet Services,0435 734 676,,,Highland Way,VIC,Maiden Gully,3551,-36.748597, 144.207364
MFA Consulting,(03) 5439 4170,,,21 Mandurang Rd,VIC,Mandurang South,3551,-36.847003, 144.27966
Miss Popper's Puppies Dog Walkers,0451 125 952,,,Montgomery St,VIC,Brighton East,3187,-37.917551, 145.021604
Mutts Day Care &amp; Boarding,(03) 9369 3647,,,Shop 5/ 22 Wallace Ave,VIC,Point Cook,3030,-37.87203, 144.747776
Maria's House &amp; Pet Minding Service,(03) 5987 3102,,,,,,,-38.333775, 144.962891
Melbourne Bird Boarding,0449 039 251,,kellysbirdboarding@gmail.com,,,,,-37.99445, 145.240082
Melbourne Pet Door Installations,0401 288 846,,admin@melbournepetdoorinstallations.com.au,,,,,-38.0482564, 145.2592566
Minder Home And Pet,0410 047 004,,pete@minderhomeandpet.com.au,23 Drinan Rd,VIC,Chelsea,3196,-38.051417, 145.120616
Minder Home &amp; Pets,0410 047 004,,pete@minderhomeandpet.com.au,11 McKay St,VIC,Mordialloc,3195,-37.995626, 145.0922
Mother Nature Walking,0404 734 502,,hetaderek@yahoo.com,6 Holroyd Ave,VIC,St Kilda East,3183,-37.864979, 145.008748
Mr. Groomer,0438 004 607,,mr.groomer@hotmail.com,9 Chandler St,VIC,Parkdale,3195,-37.98801, 145.084575
Mumma Bear Critter Care,0405 048 672,,,73 Riverside Dr,VIC,Warburton,3799,-37.753449, 145.710062
Melbourne Pet Services,0405 418 464,,reception@melbpetservices.com,,,,,
Mis Mannered Pups,0422 697 519,,info@mismanneredpups.com.au,,,,,-37.8607178, 145.238588
Murphy's Mates Personal Pet Services,0431 063 418,,info@murphysmates.com.au,,,,,-38.1393964, 144.3481984
Myvet,(03) 5439 5066,,clinic@myvetstrathfieldsaye.com.au,942 Wellington St,VIC,Strathfieldsaye,3551,-36.80713, 144.357172
Not Too Shabby Dog Grooming,0413 548 422,,,Shop 4 61 Grant St,VIC,Maddingley,3340,-37.683943, 144.433306
On-leashed,0407 849 749,,onleashedpets@gmail.com,,,,,-38.0235922, 144.4078657
Oz Pet Minders,0488 869 738,,info@ozpetminders.com.au,,,,,-38.0784936, 145.4826278
Paddock Angels,0408 293 525,,philandnicole@gotalk.net.au,1455 Healesville Koo Wee Rup Rd,VIC,Woori Yallock,3139,-37.787288, 145.529729
Pawshake - Nicole's Pet Sitting,0403 049 926,,cnallen@bigpond.net.au,17 Cremin Ct,VIC,Rowville,3178,-37.936656, 145.243757
Petarazzi,(03) 9480 2973,,petarazzi@hotmail.com,159 Darebin Rd,VIC,Thornbury,3071,-37.764404, 145.012867
Pets Forever,0431 075 008,,petsforever24@gmail.com,Unit 2 1068 Doncaster Rd,VIC,Doncaster East,3109,-37.790038, 145.166649
Pats Pets,(03) 9580 4458,,pat@patspets.com.au,,,,,-38.0065242, 145.0863336
PAWfection Pet Care,0421 880 877,,melissa.pawfectionpetcare@gmail.com,,,,,-38.0981501, 144.3282624
PAW HEALTH PET NUTRITION,0432 681 050,,annie@pawhealth.com.au,,,,,
Paws4Paws,0435 774 688,,sandra@paws4paws.com.au,,,,,-37.8690816, 144.9955037
Paws Ahead,0418 747 744,,,,,,,-37.882195, 144.983109
Paws Animal Physiotherapy,0439 343 157,,info@pawsphysio.com.au,,,,,-37.8016493, 145.1264359
Paws &amp; Claws Pet Sitting,0423 321 520,,,2/ 12 Monaco St,VIC,Parkdale,3195,-37.996763, 145.074838
Paws dog Walking Lara,0498 098 691,,pawsdogwalking@hotmail.com.au,,,,,-38.0235922, 144.4078657
Pawsitive Animal Therapies,0407 874 324,,,,,,,-37.4880386, 144.5918231
Pawsitive Dogwalks,0406 002 870,,pawsitivedogwalks@yahoo.com.au,,,,,-37.8501282, 145.1190583
Paws Of Pride,0433 760 148,,,11 Hutchison St,VIC,Niddrie,3042,-37.737007, 144.88391
Pawsome Services,0492 986 393,,pawsomeservicesmelb@outlook.com,,,,,-37.714265, 145.0077587
Paws To Consider,0413 332 817,,,12 Wellman St,VIC,Box Hill South,3128,-37.82928, 145.11564
Paws to Pavement,0423 534 903,,pawstopavement@outlook.com,,,,,-37.796322, 145.281036
Peninsula Muddy Mutts Dog Spa and Grooming,0452 329 935,,,8 Killara Ct,VIC,Rosebud,3939,-38.363752, 144.915512
Pet Burials Melbourne,0404 362 362,,expresspetburials@gmail.com,2 Cerberus St,VIC,Donvale,3111,-37.800039, 145.169332
Pet Care Pamper,0403 344 667,,,3 Crundale St,VIC,Ashwood,3147,-37.86363, 145.09945
Petcarers,1300 427 382,,sharon@petcarers.com.au,,,,,-36.7587112, 144.2837459
Pet Doors "R" Us,0427 335 917,,,,,,,-36.7587112, 144.2837459
Peter's Dog Walking,0417 364 367,,dogwalking@wizardlink.net,,,,,-37.8186391, 145.0014756
Petguard Travelling Vet Nurse,0482 953 043,,,15 Mason St,VIC,Traralgon,3844,-38.193649, 146.54984
Pet Professional Guild Australia,(03) 5025 7456,,,No St,VIC,Mildura,3500,-34.1966069014, 142.158501965
Pets Around Town,0408 370 388,,,107 Sebastopol St,VIC,Ballarat,3350,-37.571781, 143.850531
Pets @ Gamon Street,(03) 9689 1127,,petsatgamon@westnet.com.au,107A Gamon St,VIC,Yarraville,3013,-37.81189, 144.88989
Pets in Paris Pty Ltd,0437 882 747,,petsinparis@hotmail.com,11 Hunt Pl,VIC,Wurruk,3850,-38.101844, 147.028935
Pets In The Yard,0450 979 844,,,8-34 Gladstone Park Dr,VIC,Gladstone Park,3043,-37.688016, 144.884783
Pets on Elgar - Box Hill Institute,(03) 8892 2093,,petsonelgar@boxhill.edu.au,465 Elgar Rd,VIC,Mont Albert,3127,-37.81504, 145.114656
PetsPoint,0437 958 846,,,,,,,-36.3667971, 145.4032227
Pets R Home,0402 364 618,,,,,,,-37.8821928, 144.7004536
Pet Stays,0438 937 570,,contact@petstays.net.au,17 Doncaster St,VIC,Ascot Vale,3032,-37.777923, 144.909645
Pettastic Dog Walking &amp; Pet Minding Services,0422 994 613,,tracy@pettastic.com.au,10/ 13 Jenkins St,VIC,Noble Park,3174,-37.957581, 145.179975
Pawshake Australia,0455 270 639,,info@pawshake.com.au,Palmerston St,VIC,Carlton,3053,-37.796226, 144.970627
Perros Coquetos,(03) 9818 0947,,perroscoquetos66@gmail.com,66 Burwood Rd,VIC,Hawthorn,3122,-37.82163, 145.02466
Point Cook Dog Training &amp; Day Care,(03) 5283 1902,,,135 You Yangs Rd,VIC,Little River,3211,-37.954942, 144.475431
Pooches On Pakington,(03) 5222 6665,,poochesonpakington@bigpond.com,71 Elizabeth St,VIC,Geelong West,3218,-38.137, 144.340317
Precious Pup,0425 881 354,,lainiexsmith@gmail.com,,,,,-37.8675123, 144.9789807
Prime Petfood,(03) 5562 7541,,,177 Fairy St,VIC,Warrnambool,3280,-38.37881, 142.48046
Puppy Love Dog Walking /Pet sitting,0402 396 298,,,,,,,-37.9085957, 144.7520216
POSH PAWS on a BUDGET,0478 499 233,,,,,,,-38.1971087, 146.534618
Premier Pet Transport,0419 566 895,,info@premierpettransport.com.au,23 Shannons Rd,VIC,Lancefield,3435,-37.276279, 144.747066
Prodog,0409 092 298,,,,,,,-37.7133532, 145.1489311
Pupsultancy puppy consultations &amp; Transportation,0419 284 407,,abi.jouni@gmail.com,43 Becket St North,VIC,Glenroy,3046,-37.697556, 144.912283
PPDS (VIC) Pty Ltd,(03) 9303 7862,,contact@ppds.net.au,9 Thornycroft St,VIC,Campbellfield,3061,-37.64655, 144.941936
Prime100,(03) 9489 5255,,anthony@prime100.com.au,Unit 1 49 Calarco Dr,VIC,Derrimut,3026,-37.799569, 144.75611
Puppy Baths,,,colin@puppybaths.com,Napoleon Rd,VIC,Ferntree Gully,3156,-37.901131, 145.287229
Puss n Pooch Grooming,0458 777 338,,,,,,,-38.0784936, 145.4826278
Rural TLC Pet Care Services,0411 103 106,,laura@ruraltlc.com.au,261 Sutherlands Rd,VIC,Riddells Creek,3431,-37.4616542515, 144.703243279
SalPet,0417 467 090,,enquiry@salpet.com.au,Unit 1 519 Warrigal Rd,VIC,Ashwood,3147,-37.865024, 145.093325
Shelleys Dog Walking,0421 829 187,,michelle@shelleysdogwalking.com.au,,,,,-37.8194637, 145.1534068
Southpaw Pet Services,0403 735 250,,,,,,,-37.814262, 145.227386
Stacey's Massage 4 Paws,0400 782 239,,staceysmassage4paws@gmail.com,5 Selime Ct,VIC,Grahamvale,3631,-36.37129, 145.45073
Scratch And Sniffs Pet Grooming,(03) 9584 1940,,,7 Follett Rd,VIC,Cheltenham,3192,-37.970437, 145.06854
Sharon's Pets,(03) 9532 2474,,info@sharonspets.com.au,1/ 25 Flowerdale Rd,VIC,Hampton East,3188,-37.94235, 145.033947
Silver Eagle Outfitters Australia,(03) 5998 8336,,,705 Dalmore Rd,VIC,Cardinia,3978,-38.153563, 145.42622
Sit Stay Play Dog Daycare,(03) 9555 3568,,,22 Advantage Rd,VIC,Highett,3190,-37.953019, 145.030404
South West Dog Walking &amp; Pet Care,(03) 5561 0124,,southwestpetcare@gmail.com,,,,,-38.3864502, 142.4820689
Special Friends Pet Services,(03) 5439 5615,,,152 Hargreaves Rd,VIC,Emu Creek,3551,-36.833625, 144.359635
Step Out Paws,0400 215 080,,,6 Leopold St,VIC,Burwood,3125,-37.859378, 145.095093
Sharon's Visiting Pet Service,0403 811 875,,svps@dcsi.net.au,21 Fenton St,VIC,Warragul,3820,-38.159773, 145.916607
Something Special Domestic Services &amp; Pet Care,0408 519 744,,,5/ 17 Gairloch Dr,VIC,Frankston,3199,-38.1332, 145.1375
Speedytag Pty Ltd,(03) 9017 4285,,,,,,,-37.985645, 145.033066
Superdog Behaviour &amp; Training,0438 842 265,,,,,,,-37.756871, 145.1299648
Tani's Mobile Doggy Wash,0434 256 817,,tanismobiledoggywash@outlook.com.au,,,,,-37.667861, 145.0622519
The Groominator Mobile Dog Wash,0421 564 443,,,,,,,-38.1735477, 144.5699513
The Pet Valet,0468 771 774,,ozpetvalet@yahoo.com.au,,,,,-37.7852358, 145.3123393
TREAT PLAY LOVE PETS,0400 440 597,,,38 Trevally Dr,VIC,Ocean Grove,3226,-38.264831, 144.538949
The Critter Carer,0422 742 334,,,8 Garfield St,VIC,Richmond,3121,-37.812093, 144.992688
The Dog Salon,(03) 5784 3183,,,140 Elliotts Rd,VIC,Broadford,3658,-37.202225, 145.102006
The Pet Laundry Service,0414 794 496,,,5 Emu Creek Rd,VIC,Wildwood,3429,-37.574338, 144.779092
The Pet Minders,(03) 9789 7212,,,450 North Rd,VIC,Langwarrin,3910,-38.16934, 145.21816
The Repoovalist,0413 987 887,,,833 Geelong Rd,VIC,Canadian,3350,-37.58914, 143.867056
TLC Pet Minders - Family Home,0418 811 861,,,,,,,-37.842567, 145.267944
The Good Neighbour,0411 496 062,,,1221 Yackandandah Wodonga Rd,VIC,Allans Flat,3691,-36.270546, 146.902732
The Pet Nanny,0405 212 984,,pippypoodle@yahoo.com.au,,,,,-31.9943669, 115.8597483
Travellers Check,0409 873 622,,,,,,,-37.5400649, 143.8645115
Tucker Tub Ballarat,0428 776 601,,tuckertubballarat@bigpond.com,,,,,-37.5608013, 143.854986
Under The Sun,1800 231 514,,lidia@allnaturalpetco.com.au,Unit 2 / 153 Wedgewood Rd,VIC,Hallam,3803,-38.016251, 145.261862
Urban Paws Dog Grooming,0422 243 566,,mellyj.kelly@gmail.com,100A Sydney St,VIC,Kilmore,3764,-37.287799, 144.949682
Woofers Animal Care Services,1300 269 969,,,,,,,-37.8675123, 144.9789807
Yogie Yogie,(03) 9570 8086,,YogieYogie@client.searchwords.com,724 Centre Rd,VIC,Bentleigh East,3165,-37.9213, 145.05821
Your Home My Home,(03) 9909 7097,,hello@yourhomemyhome.com.au,Lvl 1/ 530 Little Collins St,VIC,Melbourne,3000,-37.816869, 144.957091
Accommodation For Cats,(08) 9797 1938,,,5 Feast Pl, WA,Australin,6233,-33.22002, 115.72332
Active Pet Rehabilitation,0450 113 983,,,588 Stirling Hwy, WA,Mosman Par,6012,-32.005771, 115.758914
Albany Pet Cremations,0482 559 095,,,35-37 Roundhay St, WA,Gledho,6330,-35.014282, 117.845551
Angela's Grooming,(08) 9447 4807,,,,,,,-31.8341204, 115.7835905
Active Paws Dog Walkers,0403 784 484,,,,,,,-31.9196602, 115.911943
Albany Pet Care Home Service,0439 820 995,,,,,,,-35.0238227, 117.8847286
AlphaPets,0403 381 449,,,,,,,-33.3134249, 115.7003177
At Home Pet Care,0414 956 189,,,,,,,-31.95285358, 115.85731416
Balance with Bowen,0408 948 867,,balancewithbowen@iprimus.com.au,,,,,-33.4827924, 115.7277843
Billy's Day-Care For Dogs,(08) 9409 2006,,wangara@daycarefordogs.com.au,Unit 8/ 54 Buckingham Dr, WA,Wangar,6065,-31.787975, 115.82466
Blackboy Kennels,0417 929 866,,blackboykennels@bigpond.com,Lot 216 Passmore Street Corner Corncrake Ct, WA,Southern Rive,6110,-32.119767, 115.96193
BordaBeMyn,(08) 9846 4306,,admin@bordabemyn.com.au,820 Dempster Rd, WA,Kalga,6330,-34.92332, 118.063739
Best Friend Dog Walkers,0407 108 461,,,,,,,-31.9849345, 115.9002041
Billy's Day-Care For Dogs Pty Ltd,(08) 9478 2000,,,Unit 6/ 106 Robinson Ave, WA,Belmon,6104,-31.959445, 115.928432
Board At Home,0434 947 223,,,15 Waterville Tor, WA,Connoll,6027,-31.751943, 115.749956
Bunbury Home Pet Care,(08) 9721 9776,,nenders@bigpond.net.au,,,,,-33.3274145, 115.6360927
CageCare,(08) 9319 1756,,,31 Allen St, WA,East Fremantl,6158,-32.04253, 115.769315
Classic K9 Dog Grooming,(08) 9342 0345,,,34 Frangipani Loop, WA,Marangaro,6064,-31.82642, 115.85232
Clip Joint Professional Pet Grooming The,(08) 9293 1552,,,22 Haynes St, WA,Kalamund,6076,-31.970954, 116.058051
CompanionACS 24/7 animal transport,0487 332 991,,companionanimalcareservices@gmail.com,,,,,-31.9110431, 115.7740679
Canines Under Cover,0488 282 293,,info@CaninesUnderCover.com.au,Unit 13 19 Keates Rd, WA,Armadal,6112,-32.169707, 116.013475
Classy Cat Cattery,(08) 9459 8299,,classycat@bigpond.com,99 Wanaping Rd, WA,Kenwic,6107,-32.02874, 115.97778
COCO DOG SPA Dog Wash and Groom,0413 228 877,,julie@cocodogspa.com.au,4 Florey Pl, WA,Huntingdal,6110,-32.08116, 115.972629
Cat Space Enclosures,0415 226 055,,sales@catspace.net.au,,,,,
Click Go The Shears,(08) 9444 0937,,,North Perth, WA,North Pert,6006,-31.91408, 115.84608
Comb &amp; Collar,0432 265 450,,,,,,,-31.8748932, 115.8283884
Cowaramup Pet Care,0429 651 450,,roberta-williams@bigpond.com,,,,,-33.8511327, 115.10268
Dunsborough Mobile Dog Wash,0408 918 882,,,,,,,-33.6151078, 115.1083058
Express Mobile Dog Wash,0411 984 574,,cassandra.j@expressdogwash.com.au,,,,,-33.3274145, 115.6360927
FAWNA Inc,(08) 9474 9055,,fawna.inc@gmail.com,PO Box 551, WA,Busselto,6280,-33.6499381, 115.344642
Fleabusters,0417 918 704,,,17 Washer St, WA,East Victoria Par,6101,-31.996512, 115.904811
Geraldton Dog Rescue,0400 219 719,,admin@geraldtondogrescue.com.au,PO Box 2445, WA,Geraldto,6531,-28.7730463, 114.6112332
Gingin Veterinary Clinic,(08) 9575 2274,,,54 Coonabidgee Rd, WA,Gingi,6503,-31.359635, 115.878945
Greencross Vets Joondalup,(08) 6500 3011,,joondalup@greencrossvet.com.au,7 Honeybush Drive (inside City Farmers), WA,Joondalu,6027,-31.760811, 115.770995
happy cats services,(02) 8011 4796,,happycatsservices@yahoo.com,527 Stirling Hwy, WA,Peppermint Grov,6011,-31.997172, 115.76349
Highcroft Boarding &amp; Grooming,0414 972 837,,lisamarwick@bigpond.com,81 Bush Rtt, WA,Nambeelu,6207,-32.504106, 115.859012
Hollywood Pet Minding,0408 899 405,,,7 Fitzroy Pl, WA,Heathridg,6027,-31.757693, 115.74989
Home or Away - The Caretakers,0418 943 720,,,105 Tower St, WA,West Leedervill,6007,-31.939569, 115.83938
Happy Hounds Dog Walking Services,0415 326 418,,,39 Addingham Blv, WA,Madora Ba,6210,-32.484598, 115.752077
Holistic Paws=Waggy Tails,(08) 6454 9318,,,7 Warbler Ct, WA,High Wycomb,6057,-31.948497, 116.008092
Home and Pet Care,0408 933 158,,,3 Old York, WA,Greenmoun,6056,-31.899802, 116.0533685
House &amp; Pet Sitters WA,0401 493 774,,,PO Box 2148, WA,Kardiny,6163,-32.0693756, 115.8194597
In Good Hands Pet Care,0421 869 411,,ingoodhandspetcare@outlook.com,27 Kemmish Ave, WA,Parmeli,6167,-32.247971, 115.823483
Jewels Pet Grooming Salon,0449 143 328,,,,,,,-31.6783304, 115.7059848
Jill's Clipping and Grooming,(08) 9751 2575,,,52 Kilchatten Crst, WA,West Busselto,6280,-33.669911, 115.331122
Jolly Paws Dog Grooming,0413 148 535,,,8 Bernera Dr, WA,Willetto,6155,-32.059593, 115.876995
Karratha Soggidog,0404 842 902,,,159 Withnell Way, WA,Karrath,6714,-20.73173, 116.848972
Kitty Kat RnR Pet Cage Hire Perth,0490 861 806,,sales@kittykatrnr.com.au,,,,,
LuLu's Cattery,0473 665 775,,,38 Gibbs Rd, WA,Nowergu,6032,-31.657963, 115.741929
My Pet Warehouse,(08) 9444 7950,,,59 Frobisher St, WA,Osborne Par,6017,-31.9080302114, 115.819124159
Narrogin Veterinary Services,(08) 9881 5417,,narroginveterinaryservices@gmail.com,200 Earl St, WA,Hillsid,6312,-32.924785, 117.17732
Outback Pet Nanny,0429 931 868,,,9 Parry Way, WA,Boulde,6432,-30.787702, 121.476258
Pampered Pooch Motel The,(08) 9397 0418,,,660 Warton Rd, WA,Banju,6164,-32.118281, 115.911421
Peel Pet Parlour,0400 337 597,,mbinding@hotmail.com,16 Will Way, WA,South Yunderu,6208,-32.583358, 115.796515
Poochy Paws Mobile Dog Wash,0419 748 778,,poochypaws15@hotmail.com,,,,,-32.2441905, 115.812657
Parrot Life Behaviour and Training,0428 447 106,,contact@parrotlife.com.au,Postcode 6000, WA,Perth Cit,6000,-31.953559, 115.858942
PawfectDogWalking,0478 621 466,,,Quinns Rd, WA,Quinns Rock,6030,-31.676051, 115.702563
PENNY, TRACY MAY,0403 952 651,,,6 Gibberd Rd, WA,Balcatt,6021,-31.865188, 115.80961
Perth Dog Walking,0433 035 717,,jennyperthdogwalking@gmail.com,Hamer Ave, WA,Wembley Down,6019,-31.915896, 115.769499
Pet Friends,(08) 6146 3524,,pet_friends@hotmail.com,,,,,-31.8808323, 115.8095964
Pet &amp; Home Care Services,(08) 9298 8376,,,13 Mcglew Rd, WA,Glen Forres,6071,-31.903682, 116.100679
Poundwatch,(08) 9397 1177,,poundwatch@westnet.com.au,,,,,-32.15331479, 115.88436296
Prefurred Pet Care,0402 452 367,,keira@prefurred.com.au,,,,,-32.1521033, 116.0147678
Pawfect Pet Sitting,0450 673 766,,ben@pawfectpetsitting.com.au,2/274 French St, WA,Tuart Hil,6060,-31.891201, 115.837423
Perth Pet Resort Pty Ltd,(08) 9397 2559,,,18 Hybrid Ct, WA,Banju,6164,-32.118004, 115.909271
Pet Pawfection Mobile Grooming Studio,0439 420 352,,,,,,,-31.8781758, 116.210254
Purrfect Pet Sitting,0412 970 886,,,,,,,-32.0110655, 115.8495478
Ravenswood Small Animal Clinic,(08) 9537 8120,,,2/ 60 Lloyd Ave, WA,Ravenswoo,6208,-32.584067, 115.827271
Rovers Grooming Salon,(08) 9250 7452,,roversgroomingsalon@gmail.com,Shop 5/ 61 Farrall Rd, WA,Midval,6056,-31.88875, 116.03301
Shampoodle Mobile Dog Spa,0403 994 604,,,83 Farmander Pkwy, WA,Ellenbroo,6069,-31.762126, 115.97275
shannon's Dog Walking,0406 806 387,,shannon.smith94@live.com.au,Macquarie Dr, WA,Australin,6233,-33.2600702, 115.7425655
Simone's Dog Grooming Salon,0429 411 223,,simonesdoggrooming@gmail.com,82 Avon Tce, WA,Yor,6302,-31.890899, 116.7687
Southwest Paws On Training &amp; Mobile Vet Nurse,0431 183 310,,,6 Maalak Turn, WA,Dalyellu,6230,-33.396641, 115.629568
Tammys Mobile Dog Washing,(08) 9349 5285,,,10 Heliconia Turn, WA,Stirlin,6021,-31.88687, 115.81538
The Fresh Rinse,0468 885 480,,info@thefreshrinse.com.au,,,,,-31.9662884, 115.929961
Ticketyboo Boarding Kennels,0488 307 044,,info@ticketyboo.com.au,32 Goulden Rd, WA,Acton Par,6280,-33.76767, 115.396217
The dog walker,0468 383 790,,,,,,,-31.9444682, 115.8257599
The Pet Guardians,0412 019 555,,,,,,,-30.7793056, 121.4351131
The Poop Scoop,(08) 6146 3523,,,26 Woodhall St, WA,Stirlin,6021,-31.877556, 115.813758
Top Dog Home and Pet Care,0409 401 751,,,8 Belmont Ave, WA,Kalgoorli,6430,-30.758599, 121.463826
Very Important Pooches,0451 165 633,,,,,,,-30.7480006, 121.4739818
Vet Nurse Pet Care,0473 014 550,,vnpetcare@gmail.com,10 Rannoch Rise, WA,Joondalu,6027,-31.726679, 115.754164
WatchnWalkies,0488 015 595,,tamara@watchnwalkies.com,,,,,-31.7703835, 115.7646314
Western Suburbs Mobile Vet,0408 915 550,,,,,,,-31.9808612, 115.7995504
Your Furry Godmother,0466 489 375,,yourfurrygodmother@outlook.com,,,,,-31.5499974, 116.4677575

